{"id":"399","name":"Earth","table":{"meanRadius":6371010,"mass":5.97219e+24,"siderealRotationRate":0.00007292115,"gravParameter":398600435.436,"obliquity":23.4392911,"siderealRotationPeriod":86164.10063718943}}
