{"id":"499","name":"Mars","table":{"meanRadius":3389920,"mass":6.417099999999999e+23,"siderealRotRate":0.0000708822,"gravParameter":42828375.214,"obliquity":25.19,"siderealRotationPeriod":88642.63957918329}}
