{"id":"199","name":"Mercury","table":{"meanRadius":2440000,"mass":3.302e+23,"siderealRotRate":0.00000124001,"gravParameter":22031868.55,"obliquity":2.11,"siderealRotationPeriod":5067044.061886264}}
