{"id":"301","name":"Moon","table":{"meanRadius":1737530,"mass":7.349e+22,"siderealRotationRate":0.0000026617,"gravParameter":4902800.066,"obliquity":6.67,"siderealRotationPeriod":2360591.091099518}}
