{"id":"699","name":"Saturn","table":{"meanRadius":58232000,"mass":5.6834e+26,"siderealRotRate":0.000163785,"gravParameter":37931206234,"obliquity":26.73,"siderealRotationPeriod":38362.39769929839}}
