{"id":"799","name":"Uranus","table":{"meanRadius":25362000,"mass":8.6813e+25,"siderealRotRate":-0.000101237,"gravParameter":5793951256,"obliquity":97.77,"siderealRotationPeriod":-62064.11990852738}}
