{"id":"399","name":"Earth ","table":{"meanRadius":6371010,"mass":5.97219e+24,"siderealRotRate":0.004178074132240403,"gravParameter":398600435.436,"obliquity":23.4392911}}
