{"id":"599","name":"Jupiter ","table":{"meanRadius":69911000,"mass":1.89818722e+30,"siderealRotRate":0.010075462827375526,"gravParameter":126686531900,"obliquity":3.13}}
