{"id":"499","name":"Mars ","table":{"meanRadius":3389920,"mass":6.417099999999999e+23,"siderealRotationRate":0.0000708822,"gravParameter":42828375.214,"obliquity":25.19}}
