{"id":"899","name":"Neptune ","table":{"meanRadius":24624000,"mass":1.02409e+26,"siderealRotRate":0.000108338,"gravParameter":6835099970,"obliquity":28.32}}
